{
    "AAPL": {
        "buy_price": 255.9199981689453,
        "shares": 1.1629884450684482,
        "total_cost": 297.63200073242183,
        "target_3m": 261.03839813232423
    },
    "TCS.NS": {
        "buy_price": 2450.699951171875,
        "shares": 1000.0,
        "total_cost": 2450699.951171875,
        "target_3m": 2499.7139501953125
    },
    "RELIANCE.NS": {
        "buy_price": 1350.5,
        "shares": 0.3702332469455757,
        "total_cost": 500.0,
        "target_3m": 1377.51
    },
    "NVDA": {
        "buy_price": 177.38999938964844,
        "shares": 1.691188911619707,
        "total_cost": 300.0,
        "target_3m": 180.93779937744142
    }
}
